,entry,update_time
0,__sayem/stockfishchess-android,
1,01664051296/chessgameandroid,
2,01664051296/memogame,
3,0xDE/codicefiscale,
4,3658Bosons/SkyStone,
5,4060/ftc-2018-2019-rover-ruckus,
6,9mmtylenol/seadroid,
7,Abdelrahman_UPBeat/alabdaa-android-code,
8,Abdelrahman_UPBeat/alabdaa-android-code,
9,Abdelrahman_UPBeat/makadir-android,
10,Abdelrahman_UPBeat/makadir-android,
11,abdoulaye_ndiaye/pastry-android,
12,abdoulaye_ndiaye/pastry-android,
13,abdulbranchesconsulting/android-driver,
14,AbdulMuqeem/adhouse_android,
15,AbelWeldaregay/To-Do-List-Android,
16,AbrahamRiosRivera/android_recyclerview,
17,absio/android-pdf-viewer,
18,absio/android-pdf-viewer,
19,absio/android-pdf-viewer,
20,absjabed/EasyVPN-Free,
21,absjabed/lottie-android,
22,accrisoft/appbuilder_android,
23,Achaa/todo_list_android,
24,Acidburn0zzz/2048-android,
25,Acidburn0zzz/android,
26,Acidburn0zzz/android-switch-backport,
27,Acidburn0zzz/Android-Update-Checker,
28,Acidburn0zzz/com.dougsko.diceware,
29,Acidburn0zzz/miracast-widget,
30,Acidburn0zzz/QuasselDroid,
31,acktorsg/stick-those-notes,
32,adam_giergun/sample,
33,adamnfish/android-netrunner-deck-builder,
34,adan_espinoza/laruta,
35,addaitech/weechat-android,
36,additgithub/iscoreparent-android,
37,additgithub/ivaccess-android,
38,adequateapps/skatulator,
39,ads-unigrade-2019-1/App,
40,AFBaturski/cargo-deal-android,
41,ahashki/quran_android,
42,airbreather/shadowsocks-android,
43,ajmirsky/android-dro,
44,akaras/manaplus-android,
45,akashsingh22/nesctc-android,
46,akiraaisha/afwall,
47,akrishna/draggablegridview,
48,Aleavellaneda1/Tudex-Games-Android,
49,alecgdouglas/gbenthusiast,
50,aleeshak/hiphopstreet-android,
51,alex_rav/tasks,
52,alexandr1504/calc-android,
53,alexdascalu/android-app-university-timetable,
54,alexey_smovzh/meshlw,
55,alexey_smovzh/shaderslw,
56,alexmarty/postergram-android,
57,alfredgoldberg/gane-android,
58,allansduarte/conex-o-enxaqueca,
59,Allen0821/jarvish_google_android,
60,alpesh-raval-saturncube/pricemetro-android,
61,altvnv/rootbeer,
62,alx741/osmdroid,
63,AlyssonPHN/testededepressao,
64,amadeoalex/imedic-info,
65,amadeoalex/imedic-info-2,
66,AmanoTeam/Customgram,
67,amneris/aba-android,
68,amneris/aba-android,
69,ampers_apps/openspritz-bible-android-app,
70,anand_krish/ministatus-android,
71,anand_krish/ministatus-android,
72,anand_krish/ministatus-android,
73,andhamil/po00000_andhamilnoolgal_android,
74,andkorsh/regexpal-android,
75,andkorsh/regexpal-android,
76,andrewandderek/trailblazer,
77,andrey_kidinov/just-weight,
78,android_eww/anamules,
79,android_ismai/costs,
80,android_ismai/costs,
81,android_ismai/costs,
82,Android_YellowTalk/android_yellowtalk,
83,andstatus/andstatus,
84,anilchahal7/mqtt-paho-example,
85,anishdarsh/android_demo,
86,ankitintercell/intercell_mobile_android,
87,anmoljagetia/android-bootstrap,
88,anscarlett/tree-view-list-android,
89,anshjeengar/textsecure,
90,anshudwibhashi/sup-android-code,
91,Anuj-GPC/electronic-study-android-app,
92,Anuj-GPC/electronic-study-android-app,
93,aoighost/RedReader,
94,aoighost/Twidere-Android,
95,aostiles/odk-collect-afsis,
96,appideasdev/iasjunior,
97,applusvelosi/arc-android,
98,applusvelosi/salt-android,
99,appsbazarteam/ifoster-android,
100,ar9013/AndroidAR-A,
101,aracomm/jose_android,
102,aragaer/jtt_android,
103,aragaer/yama_android,
104,ardock/libgdx-gameservices-tutorial,
105,areebbeigh/QRCodeUtility,
106,arnesstech/goldslam-android,
107,arrayindex/breadcrumbs,
108,arsen_adzhiametov/survival-guide,
109,arthurbdiniz/Dontpad-Android,
110,arthurbdiniz/Telegram,
111,arunkiddo/kiwix-android,
112,Asen/dotview_dotbreaker,
113,asergiop21/gw_lite_android_old,
114,asnelt/derandom,
115,aspirelifestylesdigital/rosbank-mobile-app-android,
116,aspirelifestylesdigital/russia-lc-mobile-app-android,
117,assurelive/android_ppsavani_management,
118,assurelive/android_ppsavani_student,
119,assurelive/android_ppsavani_teacher,
120,assurelive/android_quotes_app,
121,assurelive/android_radiant_management,
122,assurelive/epupils_android,
123,assurelive/epupils_teacher_android,
124,assurelive/socialway_android,
125,assurelive/tradekiya-android,
126,assuretechline/android-all-hd-wallpaper,
127,astrostat/ios-android-app,
128,athi_athira/free-speech-for-android,
129,athi_athira/free-speech-for-android-bitbucket,
130,athi_athira/free-speech-for-android-bitbucket,
131,AtifMohammed/lottie-android,
132,Atiphu_Songnuan/smartmedpsu-android,
133,Atiphu_Songnuan/smartmedpsu-android,
134,AtulSalunkhe/daffodils-school-android,
135,augustuscosta/qrcodelib,
136,avtapps/cropsmart-android-application-v1.2,
137,avuton/weather-notification,
138,awkword/nearshear_android,
139,axelclk/hblog,
140,ayadan/nia-ido-android,
141,ayham-hassan/Signal-Android,
142,aykutalparslan/Telegram-2,
143,baaslaawe/hear2read_android-full,
144,BachirKhiati/AndroidSolitaire,
145,balasankarc/Android-Password-Store,
146,ballehteam/balleh-android,
147,basheerbsr79/dailysouq_android_repo,
148,basheerbsr79/paragon_android_repo,
149,batrand/android-popup-reminder,
150,bayas27/classified_android,
151,bbbbb66699/youtrack-mobile,
152,bbbbbroot/youtrack-mobile,
153,bcholmes/fogguide-android,
154,bcholmes/wissched-android,
155,beautistar/fm-goud-android,
156,beautistar/free-bee-android,
157,beautistar/radiokaktus-android,
158,beautistar/radiokaktus-android,
159,beautistar/royaltyradio-android,
160,beautistar/staysharp-android,
161,beautistar/transform-android,
162,beautistar/xcabu-taxi-android,
163,beegee1962/esp32_wifi_ble_android,
164,beegee1962/painlessmesh_android,
165,BeerBookDev/beerbook-android,
166,behnaaz/openhab.android,
167,behrooz-fard/Signal-Android,
168,behrooz-fard/Telegram,
169,bel-os/android,
170,benenesyildirim/flipcard,
171,beobeo/android-game,
172,Bhavani_Xcube/android,
173,bhavincitrusbug/almamlakanews-android,
174,bibz/car-report-android-2.3,
175,bic/wakuwaku-unity-android-plugin,
176,billyprice1/xenforo-android-client,
177,bingg/stopwatch,
178,bitdode/inetify,
179,bitrient/mcchymns-android,
180,blabel3/wtbu-android,
181,blackblackblack/blackvpn-android,
182,blackcapvpn/blackcap-android-clone-donotpush,
183,BlackGold1118/partyfm-android,
184,BlackGold1118/upark-android,
185,blazern/android-terminal-emulator-clone,
186,bluewind0007/orbot-1,
187,bmlt/nacc-android-app,
188,bob447008888/youtrack-mobile,
189,bobrofon/easysshfs,
190,boden/photographers-notebook,
191,boden/regenradarbonn,
192,bojankremenovic/anomalija,
193,bolaji_codes/taas-android,
194,boratsa/drone_app,
195,boysetsfire/FitRoute,
196,BredeBS/micritodroid,
197,BreederBai/qgroundcontrol,
198,brenn/rate-my-plate-android,
199,brenn/rate-my-plate-android,
200,brensurio/openmrs-contrib-android-client,
201,brightdanielt/SmartphoneRadar,
202,brobe100/tictactoeworld,
203,brucelet/space-trader,
204,brunoperel/whattheduck,
205,bsrlausanne/callioplayer-android,
206,bumba27/takyon360-android,
207,burrito82/GitLabAndroid,
208,bytabit/bytabit-android,
209,c4l/c4l,
210,calinrugina/pocket-android,
211,calinrugina/pocket-android,
212,camilo1/equidad-android,
213,CampusFloraUQ/campusflora-uq-android,
214,capncanuck/textsecure,
215,cappelleh/filmtag,
216,cappelleh/zeronextgen,
217,carun/diskusage,
218,carvellwakeman/IncomeOutcome,
219,caryazulblanco/android-project-i,
220,castleia/sussexbusrider,
221,charlie-thomas/MyPHR,
222,chemaduran/telegram,
223,chenjingjing/android-universal-image-loader,
224,ChernyshovYuriy/driver-assistant-android,
225,ChernyshovYuriy/openradio,
226,chingizh/derby-android,
227,chintan9/aard2-android,
228,chintan9/aard2-android,
229,Chirag97/fuelbuddy_android,
230,chocofoodcompany/delivery-android-mobile-application,
231,Chornomor/roomster-android,
232,Chornomor/truth-or-dare-android,
233,ChristianLowe/TinCan,
234,christofferklang/readtracker,
235,CHSXJ/bangkokapp-rcac84-android,
236,chunchan55/shadowsocks-android,
237,Cililing/egzaminel-android,
238,Cililing/egzaminel-android,
239,circls/mattermost-mobile,
240,CircuitBreaker/crackerwallet-android,
241,CircuitBreaker/loafwallet-android,
242,CircuitBreaker/monsterwallet-android,
243,CircuitBreaker/strayacoinwallet-android,
244,cjanssen/dupes,
245,cloneprojects/aclena_provider_android,
246,cloneprojects/aclena_user_android,
247,cloneprojects/autotasq_provider_android,
248,cloneprojects/autotasq_user_android,
249,cloneprojects/reparer_provider_android,
250,cloneprojects/reparer_user_android,
251,cloneprojects/uberdoox_android,
252,cloneprojects/uberdoox_android,
253,cloneprojects/uberdooxp_android,
254,cloneprojects/utonomo_provider_android,
255,cloneprojects/utonomo_user_android,
256,cloudzon_india/gratzeez_latest2,
257,cminhtruong/sandwich-club,
258,cmogentale/chrono_arduino_android,
259,cnkeys/shadowsocks-android,
260,cnkeys/shadowsocks-android,
261,cnspencer/android-fractal-viewer,
262,Codazed/SmiteTeamGenerator,
263,codeatena/cadena,
264,codeatena/cobwebpod,
265,codeb1ooded/calculator,
266,codingrookie97/ict-1003-android-uart-bluetooth-app,
267,Commit451/LabCoat,
268,companyz/android-peercoinwallet,
269,ComputerOnFire/brickwallet-android,
270,contrivancecompanychicago/farebot,
271,coolboyz2tm/steganography-app,
272,copperriversoftware/propanetracker,
273,coryrdunn/calculatorapp-android,
274,cos_android/pr-android,
275,CowPanda/servdroid,
276,craigwblake/android-dro,
277,cratefree/crate-free-android,
278,CrikleCore/quranapp-android,
279,cris_noiselab/smartlist_android,
280,csauvanet/footcommenter_as,
281,ctenuta/tune-o-matic-android,
282,CuriosityDesire/MaterialList,
283,cyberxml/privacy-friendly-pedometer,
284,dalb8/aicia,
285,dalb8/hyperrogue-iii-for-android,
286,dalb8/mininoteviewer,
287,dalb8/msnake,
288,dalb8/osciiprime,
289,dalb8/osciiprime,
290,DandelionLabs/SurvivalManual,
291,DaneSavot/resourcemap-android-old,
292,Danijel-Mekiho/chatapp_android_native,
293,danilodene/sa-android,
294,danilodene/sa-android,
295,dannychin/sglink-android,
296,dannydamsky/libre-music,
297,dannydamsky/school-assist,
298,dannydamsky/weather-on-steroids,
299,danyf90/df-night-selfies,
300,darknoon29/ogspy-android,
301,DarkZek/AshcollAutoLogin,
302,david199118/shadowsocks-android,
303,davidgad123/dpd,
304,DavidKoren/android,
305,dawid_ignaciuk/emergency_qr_android-dignaciuk,
306,DawnImpulse/wallup-android,
307,dccn/android-aquality,
308,dci_android_dev/anonymous-vpn,
309,dci_android_dev/anonymous-vpn,
310,dci_android_dev/anonymous-vpn,
311,dci_android_dev/edukoolcsr1.0,
312,dci_android_dev/edukoolsitalakshmi1.0,
313,dci_android_dev/edukoolsitalakshmi1.0,
314,dci_android_dev/edukoolsitalakshmi1.0,
315,dci_android_dev/edukoolsitalakshmi1.0,
316,dci_android_dev/gallery_vault,
317,dci_android_dev/hipsto_dev,
318,dci_android_dev/hipsto_dev,
319,dci_android_dev/hipsto_dev,
320,dci_android_dev/hipsto_dev,
321,dci_android_dev/hipstobitcoin,
322,dci_android_dev/hipstobitcoin,
323,dci_android_dev/hipstobitcoin,
324,dci_android_dev/hipstobitcoin,
325,dci_android_dev/hipstocanabis,
326,dci_android_dev/hipstocanabis,
327,dci_android_dev/hipstocanabis,
328,dci_android_dev/hipstocanabis,
329,dci_android_dev/hipstopriyankachopra,
330,dci_android_dev/hipstopriyankachopra,
331,dci_android_dev/hipstopriyankachopra,
332,dci_android_dev/hipstopriyankachopra,
333,dci_android_dev/hipsto-vit,
334,dci_android_dev/lms-teacher,
335,dci_android_dev/lms-teacher,
336,dci_android_dev/lms-teacher,
337,dci_android_dev/lms-teacher,
338,dci_android_dev/max-verstappen-formula-racing,
339,dci_android_dev/max-verstappen-formula-racing,
340,dci_android_dev/max-verstappen-formula-racing,
341,dci_android_dev/max-verstappen-formula-racing,
342,dci_android_dev/mo-salah,
343,dci_android_dev/mo-salah,
344,dci_android_dev/mo-salah,
345,dci_android_dev/mo-salah,
346,dci_android_dev/mo-salah,
347,dci_android_dev/mo-salah,
348,dci_android_dev/mo-salah,
349,dci_android_dev/mo-salah,
350,dci_android_dev/mo-salah,
351,dci_android_dev/mo-salah,
352,dci_android_dev/qr-scanner,
353,dci_android_dev/qr-scanner,
354,dci_android_dev/qr-scanner,
355,dci_android_dev/quick-notes,
356,dci_android_dev/voice_recorder,
357,dci_android_dev/voice_recorder,
358,dci_android_dev/voice_recorder,
359,debruw/NgdroidApp,
360,Demistry/android-app,
361,Demistry/android-app,
362,Demistry/mpv-android,
363,Demistry/mpv-android,
364,dennishedegaard/alarm,
365,denno_kariuki/psiphon-circumvention-system-android,
366,derekwilson/measureme,
367,derekwilson/recommender-android,
368,derekwilson/recommender-android,
369,derekwilson/recommender-android,
370,derohimat/smartnavi,
371,dev_avantel/zxing,
372,dev_designdots/android-app,
373,devbystep/skradnik,
374,devconcert1/textsecure,
375,developers_clan/intheloop_android_devclan,
376,deven8500/android-netrunner-deck-builder,
377,DevJoseWeb/eddystone-demo,
378,devkraft/findeed-android,
379,devmobile/os_dansmarue_android,
380,devu-62442/MaterialAbout,
381,dfrankow/maventy_android,
382,dhavalmotghare/q2,
383,dhis2barcode/dhis2-android-trackercapture,
384,diamonditsolutions/desi-hisaab-android,
385,diamonditsolutions/desi-hisaab-android,
386,diegoAvillate/androidarrobapp,
387,DiegoLS/android,
388,dilawar/NCBSinfo,
389,DimaBalyakin/android,
390,disctanger/APU-Bus-Tracker,
391,dkbmed/epulmonology-android,
392,dlessa-hbison-team/android-verticalseekbar,
393,dlessa-hbison-team/android-verticalseekbar,
394,dnabais/windmill,
395,dnabais/yapb,
396,dnkwilson/internationalswaggandroid,
397,do9jhb/irdroid,
398,DonggeunJung/MissPlanner,
399,dongphung/styler-android,
400,dorydory0519/wedqueen-android,
401,dragid10/apps-android-commons,
402,dragid10/apps-android-commons,
403,dreamwayjgs/traccar-client-android,
404,drfteam/prodcalc_android,
405,drmart/telegram-android,
406,dstrupl/chinesechess,
407,duhrer/free-speech-for-android,
408,duvu/MPAndroidChart,
409,duytdang/kibo,
410,dvhai08/android-nrf-beacon,
411,dvhai08/android-tdx,
412,eabrmz/swiftp,
413,edkahara/chessClock,
414,edsadontsev/android_emnotion,
415,edurabroj/donape_android,
416,edurabroj/donape_android,
417,efryntov/psiphon-android,
418,egzaminel/egzaminel2-android,
419,eiKatte/memoplanet,
420,Eintrag/chistes-android-app,
421,ekylibre/zero-android,
422,ekylibre/zero-android-v3,
423,eladmobile/medicalcenter-android,
424,elagost/TextWall,
425,eldartsa/quotest_android,
426,eli173/linksanitizer,
427,ElihuDelValle/android-cv,
428,emecas/LabCoat,
429,emiliolopez/budget,
430,eMorotti/yeap-android-new-version,
431,emran1993/777-android,
432,emran1993/keno-android,
433,eneim/2048,
434,eneim/Android-ScalableVideoView,
435,eneim/cardslider-android,
436,eneim/DraggablePanel,
437,eneim/MovieGuide,
438,eneim/OpenNoteScanner,
439,eneim/Qiitanium,
440,eneim/red-moon,
441,eneim/talon-for-twitter-android,
442,eneim/WordPress-Android,
443,enkhboldu17/w-l-outing-club-android-app,
444,eodc/PlanIt,
445,Erachit/cloudplay_android,
446,erichilarysmithsr/Android-Terminal-Emulator,
447,EricKirschenmann/Fireline,
448,EricSharkeyBubblyNet/android-nrf-mesh-library,
449,ermus19/gnucash-android,
450,esherkunov/canyon-hd-android-live-wallpaper,
451,esherkunov/canyon-hd-android-live-wallpaper,
452,esherkunov/lantern-hd-android-live-wallpaper,
453,esherkunov/lantern-hd-android-live-wallpaper,
454,estebanlagord/cuanto-te-roban,
455,ethanmad/ihw-android,
456,ethauvin/noussd,
457,ethauvin/noussd,
458,etprogroup/android-suazz,
459,etprogroup/android-suazz,
460,etsrepo/Telegram,
461,evait-security/android-wifi-key-view,
462,evanscloud/tdn-medios-android,
463,EvanWn2015/melonltd_android,
464,everythingmobile/pricecheck,
465,eworoshow/memem,
466,Exit-Software/turtleplayer,
467,EXL/AstroSmash,
468,Externius/DungeonMap,
469,Ezerka/pingo,
470,f4bio/atalk-android,
471,fabiojavax/investimentos-android,
472,fabricioterranova/desafio-android,
473,Fahad1998/libretorrent,
474,fajar_ca/autosales-android,
475,fAndreuzzi/TUI-ConsoleLauncher,
476,faraztariq21/mld_android,
477,faried/shoppinglistapk,
478,fbis251/Linky,
479,fbis251/SGS4G-Carrier-Unlocker-App,
480,fbis251/Slide,
481,Felipebs86/tcc-android-emcontrole,
482,Felipebs86/tcc-android-emcontrole,
483,FelixBarring/Android_Pong,
484,felixlong/android-rdp,
485,fgtrjhyu/android,
486,Fidenz-kelumw/ec_ivivaanyware_android,
487,fifersheep/android-kotlin-example,
488,fifersheep/android-names-in-a-hat,
489,fihlatv/15-puzzle,
490,fihlatv/android_gisapp,
491,fihlatv/android-3D-model-viewer,
492,fihlatv/AndroidApp,
493,fihlatv/Android-EasyScienceSolarSystem,
494,fihlatv/android-login,
495,fihlatv/android-PuzzleDroid,
496,fihlatv/Arvutaja,
497,fihlatv/Attendance-App,
498,fihlatv/bmi-calculator-android,
499,fihlatv/cardcase,
500,fihlatv/ChatBot,
501,fihlatv/check-up-android,
502,fihlatv/coinomi-android,
503,fihlatv/criticalmaps-android,
504,fihlatv/CRM-Android-1,
505,fihlatv/easyappointments-android-client,
506,fihlatv/Endoscope,
507,fihlatv/ETSMostar,
508,fihlatv/EvrimNews,
509,fihlatv/FFmpeg-Video-Editor-Android,
510,fihlatv/giggity,
511,fihlatv/Google-Maps-Google-Places,
512,fihlatv/HelloARVideoNative,
513,fihlatv/HomeBrewLiveStreamer,
514,fihlatv/Matrix-Calculator-for-Android,
515,fihlatv/mgcube,
516,fihlatv/ModelViewer3D,
517,fihlatv/nearby-android,
518,fihlatv/NewInternationalist,
519,fihlatv/OpenCamera,
520,fihlatv/PassAndroid,
521,fihlatv/popular-movies-app-v2,
522,fihlatv/prey-android-client,
523,fihlatv/protrip,
524,fihlatv/pslab-android,
525,fihlatv/PuzzleView,
526,fihlatv/qksms,
527,fihlatv/rectball,
528,fihlatv/VoIpUSSD,
529,finansalbt/finansalbt-android,
530,Finkes/android,
531,fixpoint/android-netrunner-deck-builder,
532,fixpoint/grid-uninstaller,
533,fkvestak/rootbeer,
534,forabi/Telegram,
535,FragileBytes/android-audio-visualizer,
536,frainz-de/Signal-Android,
537,frankenbacker/sakha-android,
538,franklinf/lex-android-sample,
539,frankx13/Android_LockMyScreen,
540,frankx13/Android_MonCapitaine,
541,fredbed/jukebox_android,
542,fredbed/jukebox_android,
543,frigus02/car-report,
544,frontcell/fabege-android,
545,frontcell/max-android,
546,FultonBrowne/Ara-android,
547,FuYaoDe/AnotherMonitor,
548,fython/shadowsocks-android,
549,gabrielpcosta/move,
550,GabsIntegrations/android-wireless-imu,
551,gadelkareem/ServerLoad,
552,galfar/glterrainjava,
553,galmiza/nanolab-android,
554,galmiza/spectrogram-android,
555,galoat/2048-android,
556,galoat/apps-android-commons,
557,gameblabla/rubbybird,
558,GameExperiments/chipsretro,
559,ganesh_tiks/filmystan_android_application,
560,gasparuff/lieco-android,
561,gatoslu/shadowsocks-android,
562,gatoslu/v2ray-plugin-android,
563,gbansal_til/jukebox-android,
564,gbriggs/lbp_tcpipsockets,
565,gbrown1st/patientcheckin,
566,gcreatetw/righttime_android,
567,geeklabs_admin/foot-mark-android,
568,geeklabs_admin/foot-mark-android,
569,geft/hearthstone-reference,
570,gelin/countdown-timer,
571,gelin/http-getter,
572,gelin/open-in-browser,
573,gelin/phobos-apple,
574,gelin/phobos-apple,
575,gelin/send-to-sd,
576,gelin/share-open,
577,gelin/sniper,
578,gelin/weather-notification,
579,gemanepa/framingham-android,
580,genie137/ant-android-sdks,
581,gennextit/gstprime,
582,genonbeta/TrebleShot,
583,georgedorn/Car-Cast,
584,gerry77/sng_android_indodc,
585,ggkthxplz/mobilemangareader,
586,ginocorrales/PiPurr-for-Android,
587,giorgos_petridis/android-netrunner-deck-builder,
588,githubandroidfork/wordpress-android,
589,glexies/hadith-android,
590,gnivsarkar007/box8_new,
591,GoldRain/mazad-live-android,
592,GoldRain/rpa_android,
593,gonzaloadrio/LibreCon-app,
594,gpetuhov/CirclePop,
595,gpetuhov/circlepop,
596,gpetuhov/hive,
597,gpetuhov/SneakEyes,
598,gpetuhov/sneakeyes,
599,gpetuhov/Yellowstone,
600,gpetuhov/yellowstone,
601,GPSFan/LambTrackerMobile,
602,Gradox/android-coordinate-picker,
603,graffersid/mobilebar-android-2,
604,gregnau/Compass,
605,grillo87/kotlin_mvp,
606,grok_ksl/slidingmenu,
607,gscloud/amadis_kotlin,
608,gscloud/andini_kotlin,
609,gscloud/foodinc_kotlin,
610,gscloud/televar_kotlin,
611,gtsadmin/mudbugs-android,
612,gulajawa/konsen-android,
613,gulajawa/konsen-android,
614,gungdeaditya/Android-FilePicker,
615,Guy1394/Android-Terminal-Emulator,
616,guy1394/busybox-android,
617,guy1394/connectbot,
618,GypsyBud/android,
619,GypsyBud/Android-Client,
620,gzuckerman/eircode-android,
621,HabitRPG/habitrpg-android,
622,halysongoncalves/freelancer-iprice-android,
623,Haradan/android-netrunner-deck-builder,
624,harispraba/PodWave,
625,HarkerPool/db-android-phase-2,
626,haroldadmin/apps-android-commons,
627,haroldadmin/Resumade,
628,healyourself01/healyourself_android_app,
629,HeinKhantZaw/Android_Project,
630,heroddaji/helibot_android,
631,HeshamFas/android-advancedrecyclerview,
632,hexabas/myperfectcoach_coach_android,
633,hideplan/hideplan_android,
634,Hierarkan/desafio-android,
635,hippramvp/hippra-android,
636,hoaivubk/my-android,
637,hoangpn59/terrania,
638,hokaze/pathfinder-background-generator,
639,hokaze/resplendent-exalted-dice-roller,
640,homecaretimesheetssystem/homecare-timesheets-android,
641,homecaretimesheetssystem/on-demand-android,
642,Honzaik/FyzikaProAndroid,
643,horizon-dev/workmyway-android-app,
644,HoTechie/operapet-android,
645,hotlittlewhitedog/BibleMultiTheLight,
646,hovorkap/renovations3d-android,
647,hpedev/calms-uld-ultrasound,
648,HrBDev/android-chessclock,
649,HrBDev/DroidPersianCalendar,
650,HrBDev/MifareClassicTool,
651,htoumi/audit-biptag,
652,hulponot/fallingsquare,
653,Huynhtran1509/android-universal-image-loader,
654,hvisser/sizemeup,
655,hvmunlimited/ministatus-android,
656,hxcan/demonsummoner,
657,I2P/i2p.i2p-bote.android,
658,iamfaith/MifareClassicTool,
659,iamfaith/shadowsocks-android,
660,ianplankton19/pfa-2017-android,
661,ianplankton19/pfa-2017-android,
662,icsystem/personil-android,
663,icsystem/public-android,
664,ifisol/attendo_plus_android,
665,igjan/sample-apps-android-sdk22,
666,ikaros0503/AmazeFileManager,
667,ilpianista/HostIsDown,
668,imamnrchls/Phonograph,
669,Inch129/powerthesaurus_android,
670,indrad373/Google-Maps-Google-Places,
671,inets_company/shulesoft-android,
672,inficaretech/android,
673,infomaniak/android-infomaniak-sync,
674,inmethod/blehrbandmonitor,
675,innovolve_android/switchpereference,
676,insomniaqc/android,
677,insomniaqc/android,
678,insomniaqc/android-2,
679,insomniaqc/android-terminal-emulator,
680,insperu/gds-android,
681,intelij/Android-SlidingMenuImplementation,
682,intelij/Friar-Framework,
683,intelij/lastfm-android,
684,intergalacticsuperhero/hypezig,
685,intruxxer/Android-Bootstrap,
686,invissvenska/qr-scanner-android,
687,ios_dharmesh/leonate-android,
688,ios_dharmesh/leonate-android,
689,isd-nunkesser/android-app,
690,isd-nunkesser/android-app,
691,Ishwar56/android-guiddoocn,
692,Ishwar56/android-smslite,
693,italoag/qksms,
694,itamarlourenco/apt-android,
695,itjunkies_android/task-manager,
696,itwgoandroid/itw-go-android,
697,ivangra/intime-android,
698,ivydrenkov/mummy-puzzle,
699,ivydrenkov/zxscreens,
700,j_rgen_brandt_hansen/jobs,
701,jacktheclicker/voice-web,
702,jacktheclicker/your-local-weather,
703,jadolg/UCIntlm,
704,jakub_begera/follow-me-android,
705,janetbitbucket/eduroam-companion-android,
706,jaoolan/expee_games_android,
707,jarey/AntennaPod,
708,jarey/nodebb-webview,
709,jarey/Telegram,
710,jarey/TurtlePlayer,
711,jasb/textsecure,
712,JasonChen1195/android-bootstrap,
713,JasonChen1195/android-bootstrap,
714,javierbenitez/android_defunciones,
715,javierbenitez/android_defunciones,
716,jcuhalev/prevoz-android,
717,Jedinight/ogspy-android-old,
718,jeffersonferreira/compreingressos-android,
719,Jeffrey-Cho/BetterBatteryStats,
720,jenslody/OTAUpdates,
721,jervisfm/android-research,
722,jerzykiler/iosched,
723,jeshica/freegemas-gdx,
724,jessejusoli/android-wallet-2-app,
725,jhellingman/cebuano-dictionary-app,
726,jholetzeck/kalkulon-for-android,
727,jholetzeck/ministatus-android,
728,jibe-b/opentasks,
729,jithingopal/gene_android,
730,jjensen0/blubot-app-firmware,
731,jmartinby/byphone-android,
732,jmgrozas/scrumparandroid,
733,jmy/car-weather-android-open-source,
734,jnettome/AntennaPod,
735,joachimbjorklund/jibe-android-sr,
736,joachimbjorklund/jibe-android-sr,
737,joeltio/sst-open-house-2018-android,
738,joemat/plantuml-android,
739,JoePrivate/ble-test-peripheral-android-master,
740,john_zhang_/android,
741,john_zhang_/android-scalablevideoview,
742,john_zhang_/android-universal-image-loader,
743,JohnCasey/box2d-cogs,
744,John-Rob_Evans/2048-android,
745,joielechong/CountryCodePicker,
746,jollzy/mal1-android,
747,jollzy/mal1-android,
748,JonathanVeg/decred_android,
749,joncordeiro/mars-weather-report,
750,jorge_sandoval_leal/santoral-android,
751,josedaudi/traccar-client-android,
752,josedaudi/traccar-manager-android,
753,josedaudi_/traccar-client-android,
754,josedaudi_/traccar-manager-android,
755,josh2112/chainsawfx-android,
756,Jpawpaw/medicard-coord-android-v3,
757,jrod19477069/ftc_app,
758,JRummy16/busybox-installer,
759,Juanchossb/pw_android,
760,Juanchossb/pw_android,
761,julianyu38/taxi-booking-android-app,
762,juliusapp/julius-developer-deeplinking-example,
763,justinhartman/uhabits,
764,juunoco/blob-android,
765,jwh/twidere,
766,jzelinskie/royale,
767,kakarlasiva/speakapp_application_2015,
768,kanzankazu/android_halloarif,
769,KarajLug/DroidPersianCalendar,
770,karan2309/teach_me_android,
771,KashaSup/androidclient,
772,kb3nzq/aprsdroid,
773,keaganstrydom/ftc_app,
774,kelsos/mbrc,
775,kervala/comicsreader,
776,keshavashiya/TUI-ConsoleLauncher,
777,kevintcoughlin/Smodr-Android,
778,KevserAkbas/2048-android,
779,Kharj/ar-live2d-diplom,
780,Kharj/ar-live2d-diplom,
781,KhogaEslam/alexandria_university_portal,
782,khomar96/famous-women-in-paris-android-application,
783,khoomelvin787833/android-terminal-emulator,
784,khoomelvin787833/anlinux-app,
785,kidaa/Low-Latency-Android-Audio-iOS-Audio-Engine,
786,kidaa/TextSecure,
787,kiptechie/Paper,
788,kkalass/android-advancedrecyclerview,
789,kkalass/android-switch-backport,
790,kmf/yaxim,
791,kmlkrk/simplestshoppinglist,
792,knagaoka/verticalprototype,
793,knezmilos/subdroid,
794,knowsbuy/Signal-Android,
795,kodework/ctc-android,
796,Kodeworkind/baseemploymentexchange_android,
797,kolyadruz/dabaan_driver_android_mvp,
798,kovanchandra/stockscreener_android,
799,kplamen/andrbirthdaysremindme,
800,kreigiron/sls,
801,krishjlk/ministatus-android,
802,krishjlk/ministatus-android,
803,KrishnaSapkota/kaam,
804,krizskp/prey-android-client,
805,krymlov/ekadasi-android,
806,kryszt/sensorsdemo,
807,kunal198/bestpete-android,
808,kunal198/bluetoothapp-android,
809,kunal198/digitallearningtree-android,
810,kunal198/free_drinkz-android,
811,kunal198/free_drinkz-android,
812,kunal198/healthcare-android,
813,kunal981/clickpro-android,
814,KunalSingh05/hitech_android,
815,kurokuriboh/kitsu-mobile,
816,kuyakuya/instatraffic-new,
817,kuyakuya/quotemaker-new,
818,kwawmannanjnr/MusicDNA,
819,kyle-ilantzis/android-netrunner-deck-builder,
820,kylemr/colorcollapseapp,
821,lalaworks_areema/messagepod-directdisplay-android,
822,lama2019/dog_breed_classifier_android_app,
823,landreville/dothedishes,
824,leangjia/FengOffice_TimeTracker,
825,leapscale/lsintern_customgraph_android,
826,legendary-acp/Signal-Android,
827,leibun/openaccessorydemo,
828,leispire/seriesguide,
829,lele-project/android-wallet,
830,lemosys-android/aqsa_masjid,
831,lemosys-android/aqsa_masjid,
832,lemosys-android/aqsa_masjid,
833,lemosys-android/aqsa_masjid,
834,lemosys-android/aqsa_masjid,
835,lemosys-android/aqsa_masjid,
836,lemosys-android/aqsa_masjid,
837,lemosys-android/aqsa_masjid,
838,lemosys-android/aqsa_masjid,
839,lemosys-android/aqsa_masjid,
840,lemosys-android/aqsa_masjid,
841,lemosys-android/aqsa_masjid,
842,lemosys-android/aqsa_masjid,
843,lemosys-android/aqsa_masjid,
844,lemosys-android/aqsa_masjid,
845,lemosys-android/aqsa_masjid,
846,lemosys-android/aqsa_masjid,
847,lemosys-android/aqsa_masjid,
848,lemosys-android/aqsa_masjid,
849,lestercolosorccl/gaviewer-android,
850,lestercolosorccl/gaviewer-android,
851,lestercolosorccl/ilookup-android,
852,libertyapps/bf_android,
853,libertyapps/cycling-android,
854,linalinn/Polr-Android,
855,liruqi/meganz-android,
856,livefitter/rolls-royce-zpass-android,
857,livingsolution/my-wallet-v3-android,
858,lixiaolizzz/shadowsocks-android,
859,liyuzhao/mpandroidchart,
860,lizdeika/siandien,
861,ljanzik/telegram,
862,ljjbluesky/joplin,
863,ljjbluesky/lottie-android,
864,ljjbluesky/MaterialFiles,
865,ljjbluesky/shadowsocks-android,
866,LloydMarq_LF/artzibit-android,
867,Logan676/seadroid,
868,LookedPath/messeapp-android,
869,LTBuses/LTB-android,
870,lucassbeiler/continuum_android,
871,LuisAlbertorio/docstrack-android,
872,luiscoronel/midori-android,
873,luisrobertop87/todise-android-app,
874,lukeandrew/bluetooth-spp-terminal,
875,Lulzx/RetroMusicPlayer,
876,luzfcb/Telegram,
877,lvilabs/android_framework,
878,m_shinee/mazzi_android,
879,maasai/dealerandroidapp,
880,mackler/safe-metronome,
881,madeye/shadowsocks-android,
882,maduhu/android-client-mifosx,
883,maetelsw/android-nrf-uart_m,
884,magic282/shadowsocks-android,
885,mahdaleni/Diabetic-Retinopathy-Detection-2,
886,mahm00d86/chatna,
887,mahmoor/mma-scanner-android,
888,Make-Munich/pretixdroid,
889,mal2/Pfandrechner,
890,mallox/frozenbubble-android,
891,malrok/nfcmanager,
892,manan_binj/anysoftkeyboard,
893,manhpd8/pedometer2,
894,manishjvora/screen-dimmer-pixel-filter,
895,mannir/ebahniptvclient,
896,maral10/cycledroid,
897,marcelovicentegc/quirk,
898,marcoqf73/android-libnodave,
899,marcuswebteam/geneva-trolley-app-android,
900,marcuswebteam/old_safehouse-app-android,
901,marcuswebteam/old_sculpturemke-android,
902,marcuswebteam/safehouse-mobile-android,
903,marcuswebteam/safehouse-mobile-android,
904,mareco2017/rich-on-mart-android,
905,mareco2017/rop-android,
906,mariadeanton/miniconversando,
907,markchaveza/interjet-old-android,
908,MarkusBernhardt/android-dro,
909,marssola/timer,
910,martexcoin/coinomi-android,
911,martinpham/DictionaryZ,
912,martisiusvisma/test-android-repo,
913,marwanAmeen/android-bootstrap,
914,masjid_buddy/masjid_buddy_android,
915,MasoodFallahpoor/DroidPersianCalendar,
916,Masstat/sqlitemanager,
917,Masstat/sqlitemanager,
918,maszhin/lottie-android,
919,maszhin/scala-days-android,
920,maszhin/sgtpuzzles,
921,math4youbyusgroupillinois/Android-Terminal-Emulator,
922,math4youbyusgroupillinois/droid-examiner,
923,mattcl/android-netrunner-deck-builder,
924,MatthewCawley/android-signaturepad,
925,matthewstrasiotto/betterreads,
926,Mauville/archwiki-viewer,
927,Mauville/AURdroid,
928,Mauville/BartRunnerAndroid,
929,mavd/epongorod-android,
930,mavrik/prevoz-android,
931,maxences/tahiti-android,
932,maxim_klsnk/ini_editor,
933,MaximeGir/ppsspp,
934,MaximKorobov/tt-android,
935,MaximKorobov/zerowithoutlimits-android,
936,MaximKorobov/zerowithoutlimits-android,
937,maxweisspoker/keybase-client,
938,mconstantin/places,
939,megaache/esouq-android,
940,megaache/esouq-android,
941,mementototem/pixawall,
942,metalm/atelierlinotte,
943,mfausb/habitica-android,
944,mfirmanakbar/android-agen-pegadaian-pro,
945,michaelseebass/bible,
946,MickeyH254/android_charts,
947,midle/crypto-spy,
948,midori-browser/midori-android,
949,mikepsinn/joplin,
950,miknight/bameter,
951,mikolajr/torch,
952,millionspaces/ms-android,
953,mindgamesoft01/healyourself_android_app,
954,mind-universum/neuro-sky-android-sdk,
955,Minor946/kgmart,
956,minthittunkkt/pyopyomay_android_pu,
957,mirsamantajbakhsh/CoolMicApp-Android,
958,mitch9378/AmazeFileManager,
959,mkldon/encdroid,
960,mlessio/guidapp-android,
961,mmk2410/morse-converter-android,
962,mmobin789/android-pos,
963,mmolette/cv_android,
964,mmolette/cv_android,
965,mobicashGit/mobisquid_android_apps,
966,mobilist_amit/betrains-for-android,
967,mobiloitteinc/android-codebase,
968,mobilustec/patrus-android,
969,mobimodder/android-peercoinwallet,
970,moczix/miniakord,
971,modern/progress-animation,
972,Mohan_Marimudhu/zertu-android,
973,mohmah/android-notepad,
974,mohsenoid/tehran_traffic_map,
975,moizest89/android-piladepreguntas,
976,Monotoba/sandwich-club,
977,montao/adventure,
978,montao/jamie-monkey-2d,
979,montao/spacedroid3000,
980,mparvin/mattermost-mobile,
981,mraoofnia/AnotherMonitor,
982,mrhso/trime,
983,mrhso/trime,
984,mrtakedi/davdroid,
985,mstranieri/british-institutes-android,
986,mstranieri/british-institutes-android,
987,mtorresv/android-1,
988,much-doge/RedReader,
989,murder187ss/swiftp,
990,MurtadhaS/android-manet-ptt,
991,mveroukis/juanita,
992,mwangazatech/mwangaza-android-v1,
993,mysolution_web_android/wwrc_android,
994,NaagAlgates/historicalfacts_coreandroid_repo,
995,NabweraTaracha/kenyawebapp,
996,nadeemSoft/codezilla-android-easysave,
997,nadeemSoft/codezilla-android-minikinnew,
998,nadeemSoft/codezilla-android-omshravan,
999,Naetmul/copy-to-clipboard,
1000,NainaKhatri/timesheet,
1001,NamanMathur77/Sportify,
1002,namvuhong/android-bt-mediaplayer,
1003,nandomuchau/android-nanodegree,
1004,NandoSalvaterra/weprivacy-android-app,
1005,NaNLagger/packinglist,
1006,naufalmahfudzismail/FaceRecognitionApp,
1007,naufraghi/circularsliderule,
1008,navpreetkaur/indiancuisine_android,
1009,nazar_suhovich/moove,
1010,ndagrawal/android-autostarts,
1011,NegarMirgati/Android-Universal-Image-Loader,
1012,nekooei/Android-GoogleDirectionLibrary,
1013,nekooei/Android-Universal-Image-Loader,
1014,nesmaba/ecoterraxAndroid,
1015,netwintec/museo-torture-android,
1016,Newbilius/GPS_Speedometer,
1017,newollc/servicebank_android,
1018,ngalongc/iosched,
1019,ngonimapfumo/AwesomeValidation,
1020,nguyen_tan_thanh/easyroid-framework,
1021,nguyenpc2015/araliya_android,
1022,ngyekta/kalium-android-wallet,
1023,NicolasMasson/android-calcul-cout-de-pret,
1024,NicolasMasson/android-calcul-cout-de-pret,
1025,NikitaKoniukh/alef_alef_yaffo_market_ios_android,
1026,NikitaKoniukh/alef_alef_yaffo_market_ios_android,
1027,nimbledevices/steerpath-core-sdk-android-examples,
1028,ninjahoahong/unstoppable,
1029,nissivm/pocket-news-android,
1030,NitroTek/buspvl-android,
1031,nizamudeenms/ZFlikz,
1032,nkendrick101/react-native-vanilla,
1033,nkming2/clipboard,
1034,nkming2/system-usage,
1035,nmatosev/mathcam,
1036,Nobatgeldi/MifareClassicTool,
1037,Nobatgeldi/SpeedMeter,
1038,nrajpurkar/android-demo-prod,
1039,nramakri/gewi-android,
1040,nsamamo/curdex-android,
1041,nyquistlimit/futurism-android-app,
1042,nzender/seloctechwiki-android,
1043,o2over/voice-web,
1044,ojaswa1942/android-client,
1045,okj9dddd/linuxdeploy,
1046,OlegRomanov/lawyers-android,
1047,olemis/android-dro,
1048,oliv3/traccar-client-android,
1049,olivierderivoyre/galaxydomination,
1050,omsapp/omsapp-android,
1051,onuragtas/EasyVPN-Free,
1052,onursanli03/android-tutorials,
1053,OogieM/LambTrackerMobile,
1054,openwallet/openwallet-android,
1055,OrandiH/android-circleci,
1056,orkundzgn/clima-weather-android-studio,
1057,Oscar65/RecordTimeDroid,
1058,p1ratrulezzz/Telegram,
1059,packerlabs/rt66-passport-android,
1060,pampamp/notepad-fh-android,
1061,parzibyte/CRUD-SQLite,
1062,Patricoda/tkd-assistant,
1063,pattani_infotech/easyware-android,
1064,paulosalgado/android-backup-codelab,
1065,pdwerryhouse/etherwaker,
1066,perigelium/rewindandroid,
1067,PerlaEdelmira/aplicacion_android_recyclerview,
1068,PerlaEdelmira/aplicacion_android_recyclerview,
1069,PerlaEdelmira/aplicacion_android_recyclerview,
1070,petraszd/android-typing-trainer,
1071,pgerber/signal-android,
1072,PGMacDesign/Clip-Stack,
1073,PGMacDesign/LandscapeVideoCamera,
1074,phdlab/android_draftcard,
1075,PhilJay/mpandroidchart,
1076,philjord/renovations3d-android,
1077,phonethic/inorbit-android-app,
1078,phonethic/madhuri-hdpi-android-app,
1079,phorkyou/cgeo,
1080,phun/feedex,
1081,pier-bezuhoff/dodeca4android,
1082,pineman/malp,
1083,pirapira_peter/androidapplicationschat,
1084,pixoneye/2048-android,
1085,pkafka/wallpapers,
1086,pkrshnan/swipathon,
1087,planticle/park-play-android,
1088,podema/telegram,
1089,polous/android-app,
1090,poovarasanvasudevan/DMPlayer,
1091,poovarasanvasudevan/FrescoImageViewer,
1092,poovarasanvasudevan/Horizon,
1093,poovarasanvasudevan/iosched,
1094,poovarasanvasudevan/lottie-android,
1095,poovarasanvasudevan/Telegram,
1096,powerje/NyanDroid,
1097,pratik_aipl/boatup-android,
1098,pratik_aipl/peep-android,
1099,pratik_aipl/peep-android,
1100,printminion/androidFakeCallForLiveView,
1101,profileomat/android-app,
1102,programizer/Antox,
1103,projectmaxs/maxs,
1104,projects_presentation/feedolist_android,
1105,projects_presentation/geomantem_android,
1106,ProjectSPAN/android-manet-manager,
1107,ProjectSPAN/android-manet-ptt,
1108,ProjectSPAN/android-manet-visualizer,
1109,prokaysar/anexplorer,
1110,prokaysar/anothermonitor,
1111,prokaysar/mlmanager,
1112,prokaysar/omni-notes,
1113,prokaysar/pedometer,
1114,prokaysar/turbo-editor,
1115,proninyaroslav/libretorrent,
1116,provenlogic/hiry_android_user,
1117,provenlogic/hiry_new_android_provider,
1118,psionic100/traccar-client-android,
1119,pspldev/expressavenueandroid,
1120,psuzn/ADB-WiFi,
1121,punamchand4488/myeaccount-android,
1122,pupiloalpha/minhascontas,
1123,pupiloalpha/superlista,
1124,python911/vpn-pro-2019-nulled,
1125,qemandroid/qmovemanager,
1126,qiscus/multichannel-agent-android,
1127,qiscus/qismo-android,
1128,quittle/a11y-ally,
1129,rafaqatali/cgeo,
1130,rafasmusic/android-wearface-flash,
1131,RaffiRincon/android-nanodegree-project-1-sandwich-club,
1132,rahul_pandey/news-android-app-aka,
1133,rahulkumaran/AndroidTensorFlowMachineLearningExample,
1134,rajajayhbti/be-u-android,
1135,RakibFiha/eclair-wallet,
1136,ramesh_nkr/flyin-android-sprint-code,
1137,ranieripieper/rpp_iu-android,
1138,rapito/rps-flow-android,
1139,rashjz/bp-and-app,
1140,raskoln1k0v/TUI-ConsoleLauncher,
1141,rasooll/Telegram,
1142,RateAndGradeCorp/rate-and-grade-corp-android,
1143,ratnesh0389/mim-ari-android,
1144,raybalingit/blink-android,
1145,rayzoor_hiroia/jimmy-android,
1146,rbercume/t-board,
1147,rdavison/android_autoflasher,
1148,rdue/fitinha-android,
1149,real-team/real-android,
1150,real-team/real-android,
1151,ribarra/monticello-android,
1152,ribarra/monticello-android,
1153,ringcentralrnd/rc-pjsip,
1154,rishi_deep/iosched,
1155,rishirajbansal/job-reporting-management-system-android,
1156,riskycase/pslab-android,
1157,riteshjha0270/tic-tac-toe,
1158,Ritvikjain/YouTube-Analytics,
1159,RJ_Android/yeh,
1160,RJ_Android/yeh,
1161,RJ_Android/yeh,
1162,rlogicaltechsoft/android_multilanguage_rtl,
1163,rlogicaltechsoft/android_videocalling,
1164,rmanacmol/takenote-android,
1165,robco87/capture-android-app,
1166,robderijk/Camera-Roll-Android-App,
1167,robotonics/arduino-communicator,
1168,roccofarrellpx/branded-app-scripts,
1169,roch_guillot/wordpress-android,
1170,rockbass2560/MegaCode,
1171,rocky-star/ftc_app,
1172,rodrigopex/nativelocalnotification,
1173,rogergusmao/omega-empresa-projeto-android,
1174,Romain360/aes_crypto,
1175,Romain360/ocaml-toplevel-android,
1176,romanzadov/beem,
1177,romellfudi/VoIpUSSD,
1178,RomIII/mydmitrov-android,
1179,rosenpin/Screenshot-Sharer,
1180,roshan4074/android-devel,
1181,rothpira/news-android-app,
1182,RowanG_PMG/mii-android,
1183,rowland007/java-drink-of-the-day-lite,
1184,rowland007/java-drink-of-the-day-pro,
1185,rowlandmimi/lastfm-android,
1186,rp/bluemouse,
1187,rprouse/gasmileageproject,
1188,rrrfer-admin/simple_android_puzzle,
1189,RSivakov/MaterialAudiobookPlayer,
1190,ruben_buron/android-tesseract-ocr,
1191,ryson282/android-netrunner-deck-builder,
1192,rzn/andOTP,
1193,s884812/Linphone4Android,
1194,sainalsultan/simplelogin,
1195,saiple/android,
1196,samarabdelnabi/balleh-android,
1197,sambulosenda/culcucalculator,
1198,S-Amiri/Phoenix-for-VK,
1199,Sammer95/cliff-jumper,
1200,samsulmaarif/Signal-Android,
1201,samuelribeiro1986/imap-android,
1202,Samuel-Unknown/pros-cons-android-app,
1203,sanabia/guia-de-vilhena-android,
1204,sanabia/guia-de-vilhena-android,
1205,sanabia/guia-de-vilhena-android,
1206,sandbx_okostiuk/signal_android,
1207,sandbx_okostiuk/signal_android,
1208,sandeepBalaji/tripsheet_android,
1209,Sandman22838/ministatus-android,
1210,sangyangtech/syt_monitorm_android,
1211,saqibdb/yahrtzeits-of-gedolim-android,
1212,saqibdb/yahrtzeits-of-gedolim-android,
1213,saqibdb/yahrtzeits-of-gedolim-android,
1214,saraedum/apps-android-wikivoyage,
1215,sas101/android-shutdown,
1216,saydulk/calendula,
1217,saydulk/client-1,
1218,Sayi5047/QUOTZY,
1219,sboyd1990/intro_android_demo,
1220,sbvteam/tracker-android,
1221,schadfield/chromadoze,
1222,schenyg/salert_android,
1223,schleumer/android-native-topfriends,
1224,SDemonUA/unet-invites-android-app,
1225,SDey96/TextSecure,
1226,Seachal/AndroidOpenGLDemo,
1227,Seachal/ChatKit,
1228,Seachal/Conversations,
1229,Seachal/Doodle,
1230,Seachal/zxing,
1231,Seachal/zxing-android-official-demo,
1232,seadowg/android-netrunner-deck-builder,
1233,sebast331/android-netrunner-deck-builder,
1234,sebsto/maxi-80-android,
1235,secretwolf98/Lightning-Browser,
1236,seeketing/seekdeals-android,
1237,SEIPROJECT2020/cp_android_app,
1238,senpl/android-popup-reminder,
1239,SeppPenner/aFileDialog,
1240,SeppPenner/AndroidCaldavSyncAdapater,
1241,SeppPenner/android-file-chooser,
1242,SeppPenner/AnyChart-Android,
1243,SeppPenner/cgeo,
1244,SeppPenner/MPAndroidChart,
1245,SeppPenner/Signal-Android,
1246,SeppPenner/Telegram,
1247,SeppPenner/zxing,
1248,sergioescoto/android_demo_jenkins,
1249,serzh-android/demo,
1250,serzh-android/demo,
1251,serzh-android/demo,
1252,serzh-android/demo,
1253,serzh-android/demo,
1254,serzh-android/demo,
1255,serzh-android/demo,
1256,serzh-android/demo,
1257,serzh-android/demo,
1258,serzh-android/demo,
1259,serzh-android/demo,
1260,serzh-android/demo,
1261,serzh-android/demo,
1262,serzh-android/demo,
1263,serzh-android/demo,
1264,serzh-android/demo,
1265,serzh-android/demo,
1266,serzh-android/demo,
1267,serzh-android/demo,
1268,sethpink/quickskopeandroid,
1269,sgodwinatmtmrecognitiondotcom/carousel-android,
1270,ShadowKyogre/null-launcher,
1271,ShadowKyogre/sgtpuzzles,
1272,ShadowKyogre/wifikeyboard,
1273,ShaileshRohit/android-vievu-poc,
1274,shajen/dziennik-piwny-android,
1275,shaljam/Conversations,
1276,shaljam/Telegram,
1277,shash_tm/android,
1278,shashanknmp/pocketgizmo,
1279,ShashankUdupa/smallcase-android,
1280,Shekharrajak/android-app,
1281,Shekharrajak/Telegram,
1282,shineworld/qmovemanager,
1283,shinvdu/shadowsocks-android,
1284,shinvdu/Tiny-Tiny-RSS-for-Honeycomb,
1285,shipdots/shipdots-android,
1286,shishiapp/sample-android,
1287,shiva627/unm-campus-locations,
1288,ShivamKumarJha/android_recyclerview,
1289,SHollidayTM/programsensorshuf-android,
1290,shuaihuimin/kyy_android,
1291,shutenkool/android,
1292,sibnick/cyrillicpasswords,
1293,sigmaculture/ubox,
1294,Sikalinda/zacl-android-app,
1295,simonclouds/zandy,
1296,simontok-aplikasi/Android-FilePicker,
1297,simontok-aplikasi/Android-ScalableVideoView,
1298,since2014/prevoz-android,
1299,Single430/shadowsocks-android,
1300,sivaraam/aard2-android,
1301,sivaraam/apps-android-commons,
1302,sjbhalli/pong,
1303,skumbhare/ics-openvpn,
1304,skywinder/MPAndroidChart,
1305,slachiewicz/EMV-NFC-Paycard-Enrollment,
1306,smarongiu/MPAndroidChart,
1307,smartboss/my-volkswagen_android,
1308,smbale/joplin,
1309,smbale/PDX_ART_TREKKER,
1310,smbale/twidere,
1311,smichel17/simpletask-android,
1312,smislav/sample-android-bitbucket-ci,
1313,smislav/sample-android-bitbucket-ci,
1314,smitiv/datify-android,
1315,Sooele/haven,
1316,Sooele/shadowsocks-android,
1317,souch/SMP,
1318,sounakkar/88webBrowser,
1319,sourceinn2016/pro-android,
1320,splanquart/diabete-calc,
1321,spmoreno/iosched,
1322,sportsbite/avare,
1323,SprinterGameDev/security-keychain,
1324,spyderjacks/android-dro,
1325,stacrux/paceclock,
1326,starup/android-rdp,
1327,stasmanas/muze-player-android,
1328,StephenOm/barcode-scanner-react-native,
1329,stonepillarstudios/safe-run,
1330,styluslabs/write-android-ui,
1331,sumitTechno/pro-in-cust-android,
1332,sumitTechno/pro-inn-pro-android,
1333,sun3y21/mpandroidchart,
1334,Sunny_Chaubey/react-goibibo,
1335,suren_android/teqbuzz,
1336,suren_android/teqbuzz,
1337,svuksic/tkoigra-android-app,
1338,swalahamani/nodebb-webview,
1339,sweezie/Web-Mobile-App,
1340,swegener/wiggle-android-hybrid,
1341,swegener/wiggle-android-hybrid,
1342,syazali/sieka-android,
1343,sydneyuni/campus-flora-android,
1344,SykoTheKiD/smart-taxi,
1345,symb4d/android-mapagallos,
1346,sync101/arcmenu,
1347,syncmed/doc360-doctor-android,
1348,synd_android/men,
1349,synd_android/men,
1350,synd_android/men,
1351,synd_android/men,
1352,synd_android/men,
1353,synd_android/men,
1354,synd_android/men,
1355,synd_android/men,
1356,synd_android/men,
1357,synd_android/men,
1358,synd_android/men,
1359,synd_android/men,
1360,synd_android/men,
1361,synd_android/men,
1362,synd_android/men,
1363,synd_android/men,
1364,synd_android/men,
1365,synd_android/men,
1366,synd_android/men,
1367,syphyr/libretorrent,
1368,systemallica/ValenBisi,
1369,szakdolgozatteam/android,
1370,szymonchaber/group-shopping-android,
1371,szymonchaber/group-shopping-android,
1372,t410/claro-android-poc,
1373,tacprosystems/torque-expedition,
1374,talhaqamar/android-scan,
1375,tanchuev/pirates-android-new,
1376,taoufix/android-shortyz-enh,
1377,tapia2390/Android-Universal-Image-Loader,
1378,tasegula/android-game-zombiebird,
1379,tbak/thai_language_android,
1380,tbsprs/umweltzone,
1381,TC01/hyperrogue-iii-for-android,
1382,team-graffers/kargologic-android,
1383,techn_it/curious-jane-android,
1384,Tectiq/uniondeposit-android-app,
1385,Tectiq/uniondeposit-android-app,
1386,teerawat_k/issue_android,
1387,teerawat_k/issue_android,
1388,tejuinokaren/android-user,
1389,tekdef_team/android,
1390,tekdef_team/android,
1391,tekintian/shadowsocks-android,
1392,Tenbagger/shadowsocks-android,
1393,ThanhNguyen94/ministatus-android,
1394,ThanhNguyen94/ministatus-android,
1395,ThanhNguyen94/ministatus-android,
1396,thanjee/myglukose-android,
1397,theexproject/jagain-android,
1398,theexproject/jagain-android,
1399,theexproject/smoq-android,
1400,TheGree/maltapp_android,
1401,TheRedSpy15/AC2WP,
1402,the-sailor/2048-android,
1403,the-sailor/2048-android,
1404,the-tycoon/android-client,
1405,the-tycoon/iosched,
1406,thialess/belgo-agro-android,
1407,thinh-nguyen/mwapplicationtest,
1408,thinh-nguyen/wmgcm-android,
1409,thinh-nguyen/wmgcm-android,
1410,thinkking/OurVLE,
1411,ThomasFranklin/solitaire,
1412,ThuyPhung/faskera-android,
1413,tidingodevelopers/tidingo_android,
1414,timhenrion/android-dro,
1415,timhenrion/android-dro,
1416,TitanHero/termux-app,
1417,tlongren/Put.io,
1418,tmhouse/kenzango,
1419,tntsb_sam/got1shop-android-application,
1420,tntsb_sam/kakibuku-android-2018,
1421,tobiasschulz/android-vnc,
1422,toksdpro/saddle-intent-example-android,
1423,TolyaDev/wishes,
1424,Tommyyyyy/musicstrobe-android-good,
1425,tonyalpskog/open-hab-android-client,
1426,toorieaaU/android-cesco,
1427,toorieaaU/android-cesco,
1428,TravorLZH/LabCoat,
1429,Trikko_93/scoutervolley,
1430,trivialworks/estilorobe_android_new,
1431,trollderiu_projects/click-to-vote_android,
1432,trollderiu_projects/smalltown_android,
1433,tsiemens/bridgescore,
1434,tweezy23/android-secretcodes,
1435,tweezy23/wifi-fixer,
1436,tylerhogarth/android_simpledictionary,
1437,uansett/gpslogger,
1438,ubicon/widenoise-plus-for-android,
1439,udyray/pimaand_v3,
1440,ukina/ebebek-android,
1441,Uniqks/cgs-android-app,
1442,Uniqks/royallepage-android-app,
1443,urabhi12/cityoffaith-android,
1444,urabhi12/cityoffaith-android,
1445,urabhi12/kartiano-android,
1446,urabhi12/rsac-android,
1447,urazovm/opacclient,
1448,urbanbaker/mapbox-android-demo,
1449,ustyugov/jtalk,
1450,VaclavH/sudoku,
1451,vaishsharma/career_mentor_android,
1452,vassela/Diktofon,
1453,verykit/shadowsocks-android,
1454,verykit/shadowsocks-android,
1455,verykit/shadowsocks-android,
1456,veterokus/boardmaster_android,
1457,viktorgino/headunit,
1458,vinayak_triffort/braci_pro,
1459,vladvesa/mdroid,
1460,volk_234/uterra-android,
1461,Vukan-Markovic/Chat_rooms,
1462,Vukan-Markovic/Pop-Balloon,
1463,vutd/vutd-android,
1464,vvasilatos/patrologiagraecawritersindexandroid,
1465,vwijaya03/android-asri-motor,
1466,vwijaya03/jac-android-admin,
1467,wahabjawed/waiter,
1468,wams/appetity-android,
1469,wangdaliu/iosched,
1470,wangdaliu/lottie-android,
1471,wangdaliu/Low-Latency-Android-iOS-Linux-Windows-tvOS-macOS-Interactive-Audio-Platform,
1472,wangdan0527/vpn-oem-buddy-android,
1473,wanggjghost/acdisplay,
1474,warwick/hg_dial_v2,
1475,warwick/hgfastlist,
1476,WasimShahul/chinmaya-android,
1477,wavesup/WavesWallet-android,
1478,wbrawner/SimpleMarkdown,
1479,wcbzero/pitdroid,
1480,WebDucer/wdzeitapp-widgets,
1481,webuildapps/parley_android_demo,
1482,webuildapps/parley_android_demo,
1483,wedowebappsweb/enjoylagos-android,
1484,WestCoastRomS/android_packages_apps_Changelog,
1485,wethedevelopers/floral-android,
1486,Wikinaut/RadioDroid,
1487,wildnettech/tropical-radio-storm-android-latest,
1488,wildnettech/tropical-radio-storm-android-latest,
1489,wiltonlazary/afwall,
1490,wiltonlazary/cpustats,
1491,wiltonlazary/ppsspp,
1492,wiltonlazary/Signal-Android,
1493,wiltonlazary/Telegram,
1494,wiredin/doa-harian-android,
1495,wlsdud8598/ytn_android,
1496,wlsdud8598/ytn_android,
1497,Wohlstand/ADLMIDI-Player-Java,
1498,ws_team/golos27_android,
1499,wulkanowy/wulkanowy,
1500,wynalazca/android-netrunner-deck-builder,
1501,xbakesx/subtlereminders,
1502,xdevs23/Phonograph,
1503,xdpilab/contact-lenses-android,
1504,xdpilab/curious-bunny-android,
1505,xdpilab/curious-bunny-android,
1506,xdpilab/curious-bunny-android,
1507,xeon-zolt/Telegram,
1508,xiaonanhailili/haven,
1509,xiaonanhailili/OpenHub,
1510,xiaonanhailili/PercentageChartView,
1511,xiaonanhailili/shadowsocks-android,
1512,xiaonanhailili/Signal-Android,
1513,xiaonanhailili/Timeline-View,
1514,xsahil03x/sandwich-club-starter-code,
1515,yacob89/7minuteswiththelord,
1516,yaostyle/Sandwich-Club,
1517,yashal/bully_android,
1518,yashal/musicstore_android,
1519,Yash-Garg/QuickLyric,
1520,Yash-Garg/SeriesGuide,
1521,yashkrishnan/onetapvideodownload,
1522,YetAnotherMan/android-artwallpapers,
1523,YetAnotherMan/skeleton-cocos2dx-android,
1524,yihuaqi/supervision,
1525,yogi_ravi_team/intro_android_demo,
1526,yuking/proxydroid,
1527,yuking/shadowsocks-android,
1528,Yuri-wrlk/materialistic,
1529,yusufkocak1/android-notes-app,
1530,zabaatinc/blueserial-android-bluetooth-app,
1531,zac6ix/android-terminal-emulator,
1532,zachcheatham/bloqout,
1533,zamaraev/gigtest-android,
1534,zdavatz/generika_android,
1535,zdworks/android-screen-dimmer,
1536,ZeevoX/Ocquarium,
1537,zekpehlivan/android-borsaistanbul,
1538,zepre/mobile,
1539,zhennTil/android-netrunner-deck-builder,
1540,zhongtianxie/Telegram,
1541,ZihadTishpish/my-diary,
1542,Zivaja/hpog_sensorhub,
1543,zlab/nanoconverter,
1544,zod101/Telegram,
1545,zoeland/rightplayer-mobile-android,
