,file_name
0,GGUBob2-master.zip
1,appJump-master.zip
2,eclair-mobile-master.zip
3,Doteos-master.zip
4,sabbath-school-android-master.zip
5,UtiBox-master.zip
6,platform_packages_apps_Spectrum-master.zip
7,PWRTelegram-master.zip
8,bmi-calculator-flutter-master.zip
9,PWRTelegram-master.zip
10,ProjectTrackerRepo-master.zip
11,gaia-alert-android-master.zip
12,KODLauncher-master.zip
13,UntuMobile-master.zip
14,TT2-helper-flutter-master.zip
15,TioAnime-master.zip
16,Compare-master.zip
17,FlyBSCA-master.zip
18,ate-8-master.zip
19,yeltzland-android-master.zip
20,react-native-prototyping-master.zip
21,android-clean-architecture-boilerplate-master.zip
22,clean-architecture-components-boilerplate-master.zip
23,MoTAC-master.zip
24,minitruco-android-master.zip
25,myTTR-master.zip
26,clarity-android-master.zip
27,essential-launcher-master.zip
28,udacity-unofficial-client-app-master.zip
29,HorasisMobile-master.zip
30,delern-master.zip
31,korean_conjugation-master.zip
32,MultiViewAdapter-master.zip
33,decode-master.zip
34,dimigoin-android-v2-master.zip
35,IITP-App-master.zip
36,Modular-Calculator-master.zip
37,snmp-cockpit-master.zip
38,ramais-pti-android-master.zip
39,TRTS-Triage-Android-App-master.zip
40,octodo-master.zip
41,WeChatLuckyMoney-master.zip
42,AlView-master.zip
43,CometOTP-master.zip
44,habitica-android-master.zip
45,CatchTheEagleGame-master.zip
46,menetrend-pecs-master.zip
47,MakiNoto-master.zip
48,CUYemekhane-master.zip
49,travelGuide-master.zip
50,ScheduledRecorder-master.zip
51,matchimals.fun-master.zip
52,CanastaNotation-master.zip
53,habit_tracker-master.zip
54,islamic_calendar-master.zip
55,MyGroceries-master.zip
56,Newszoid-master.zip
57,I_LOVE_DOKDO-master.zip
58,android-dimmer-switch-master.zip
59,BabySounds-master.zip
60,avenging-master.zip
61,AlcoSensing-master.zip
62,TheMovies-master.zip
63,galway-bus-android-master.zip
64,All-NBA-master.zip
65,divisa-wallet-master.zip
66,CarparkNow-master.zip
67,IntroductionSliderScreen-master.zip
68,Apoy-Phoenix-10686-FTC-robot-control-master.zip
69,mivotico-android-master.zip
70,Promotion-App-master.zip
71,Android-CoffeeManager-master.zip
72,lrkFM-master.zip
73,QickAid-master.zip
74,Bilder-in-der-Landschaft-master.zip
75,DateCounterAndroid-master.zip
76,SNAKE.NET-master.zip
77,MalseGeluiden-master.zip
78,detective-droid-master.zip
79,AboutLibraries-master.zip
80,libraryapp-react-master.zip
81,BiteFind-master.zip
82,FunwithWords-Free-master.zip
83,MozStumbler-master.zip
84,color-converter-master.zip
85,hotelaide-master.zip
86,salarycalculator-master.zip
87,TipTracker-master.zip
88,planner-android-master.zip
89,IITP-App-master.zip
90,S2TDroid-master.zip
91,spotcommander-master.zip
92,Construct-Diet-master.zip
93,openhab-android-master.zip
94,OSMDashboard-master.zip
95,HelloVoter-master.zip
96,planner_android-master.zip
97,contacts-master.zip
98,instant-whats-master.zip
99,OTGSubs-master.zip
100,peerio-mobile-master.zip
101,Coloriage-master.zip
102,MaiApp-master.zip
103,verboflex-android-master.zip
104,pushy-android-master.zip
105,Hanoi-Towers-master.zip
106,Dicloud-master.zip
107,Dipuerto-master.zip
108,stay-awake-app-master.zip
109,Performance-Tweaker-master.zip
110,RSAndroidApp-master.zip
111,Fotoz-Gallery-App-master.zip
112,weather-app-demo-master.zip
113,Kitchen-Tools-master.zip
114,FBReaderJ-master.zip
115,TheKiasuGrocer-master.zip
116,Revolution-master.zip
117,Android-App-Twitterfav-master.zip
118,AYMMRVB-master.zip
119,FoxIT-master.zip
120,PokerFace-master.zip
121,dmach-master.zip
122,Chat-master.zip
123,Android-Projects-master.zip
124,Scrolls2018-Android-master.zip
125,Scrolls2019-Android-master.zip
126,BekasiSociety-master.zip
127,DarkCroc-Android-theme-master.zip
128,RabbitHole-master.zip
129,notemate-master.zip
130,Ten-Seconds-To-Symmetry-master.zip
131,Mysy1-master.zip
132,AIS-devices-master.zip
133,Popular-Movies-Stage-II-master.zip
134,WeChatLuckyMoney-master.zip
135,TheRaven-master.zip
136,IABSample-master.zip
137,recipecraft-master.zip
138,AutoStopRace-Android-master.zip
139,nori-master.zip
140,ExifEraser-master.zip
141,platform_packages_apps_PdfViewer-master.zip
142,react-native-tinder-master.zip
143,WorkMode-master.zip
144,Tusky-master.zip
145,BibleLauncher-master.zip
146,busybox-with-addon.d-master.zip
147,E-Blog-master.zip
148,Through-It-master.zip
149,nori-master.zip
150,TCP-Client-for-8051-master.zip
151,Aww-Gallery-master.zip
152,GachonNoti-android-master.zip
153,woocommerce-android-master.zip
154,android_packages_apps_Calculator-master.zip
155,OfficialFoldingTabBar.Android-master.zip
156,AlarmClock-master.zip
157,TabletClock-master.zip
158,PhotoSketch-master.zip
159,asteroid-radar-master.zip
160,roman-numerals-converter-master.zip
161,ToxAndroidRefImpl-master.zip
162,Canora-master.zip
163,ultraCALC-master.zip
164,MaterialDrawerKt-master.zip
